Product Unique ID,Product Category,Product Title,Product Description,Product Condition,Product Brand,Product Material,Variation Unique ID,Variation Size,Variation Color,Variation Quantity,Starting Bid,Buy Now Price,Retail Price,Target Price,Shipping Price,Ships From Country,Shipping Weight In Ounces,Days To Process Order,Days To Deliver,Expedited Shipping Price,Expedited Delivery Time,Buy One Get One Price,Accessory Price,Accessory Description,Scheduling Fee Bid,Primary Image URL,Extra Image URL 1,Extra Image URL 2,Extra Image URL 3,Extra Image URL 4,Status
153038895,Home | Other,50PCS Black Disposable Gloves Latex Dishwashing/Kitchen/Medical /Work/Rubber/Garden Gloves Universal For Left and Right Hand,"Product Name:Disposable latex gloves

Color:Black,

Quantity:50pcs

Package:opp bag

Use:Household Cleaning

Size:S,M,L

Apparel Exam Gloves

handschoenen latex

luva latex",New,,,153038895-S-50 PCS Random color,S,50 PCS Random color,1000,1,16,,16,0,China,,5,20,,,,,,0.1,https://images.tophatter.com/69988804648221947cb08f340c27a6ca/original.jpg,https://images.tophatter.com/1074055a3ecdc95231e8f87a27bc1114/original.jpg,https://images.tophatter.com/188a6c94e3cdf5d835cf3526c3287c8f/original.jpg,https://images.tophatter.com/8220eae72ab80733eb1d5cca00832ae2/original.jpg,https://images.tophatter.com/9f752008957e6638faefad652095aeb9/original.jpg,Enabled
153038895,Home | Other,50PCS Black Disposable Gloves Latex Dishwashing/Kitchen/Medical /Work/Rubber/Garden Gloves Universal For Left and Right Hand,"Product Name:Disposable latex gloves

Color:Black,

Quantity:50pcs

Package:opp bag

Use:Household Cleaning

Size:S,M,L

Apparel Exam Gloves

handschoenen latex

luva latex",New,,,153038895-M-50 PCS Random color,M,50 PCS Random color,1000,1,18,,18,0,China,,5,20,,,,,,0.1,https://images.tophatter.com/69988804648221947cb08f340c27a6ca/original.jpg,https://images.tophatter.com/1074055a3ecdc95231e8f87a27bc1114/original.jpg,https://images.tophatter.com/188a6c94e3cdf5d835cf3526c3287c8f/original.jpg,https://images.tophatter.com/8220eae72ab80733eb1d5cca00832ae2/original.jpg,https://images.tophatter.com/9f752008957e6638faefad652095aeb9/original.jpg,Enabled
153038895,Home | Other,50PCS Black Disposable Gloves Latex Dishwashing/Kitchen/Medical /Work/Rubber/Garden Gloves Universal For Left and Right Hand,"Product Name:Disposable latex gloves

Color:Black,

Quantity:50pcs

Package:opp bag

Use:Household Cleaning

Size:S,M,L

Apparel Exam Gloves

handschoenen latex

luva latex",New,,,153038895-L-50 PCS Random color,L,50 PCS Random color,1000,1,16,,16,0,China,,5,20,,,,,,0.1,https://images.tophatter.com/69988804648221947cb08f340c27a6ca/original.jpg,https://images.tophatter.com/1074055a3ecdc95231e8f87a27bc1114/original.jpg,https://images.tophatter.com/188a6c94e3cdf5d835cf3526c3287c8f/original.jpg,https://images.tophatter.com/8220eae72ab80733eb1d5cca00832ae2/original.jpg,https://images.tophatter.com/9f752008957e6638faefad652095aeb9/original.jpg,Enabled
153038834,Home | Other,50PCS Black Disposable Gloves Latex Dishwashing/Kitchen/Medical /Work/Rubber/Garden Gloves Universal For Left and Right Hand,"Product Name:Disposable latex gloves

Color:Black,

Quantity:50pcs

Package:opp bag

Use:Household Cleaning

Size:S,M,L

Apparel Exam Gloves

handschoenen latex

luva latex",New,,,153038834-S-Random color,S,Random color,1000,1,14,,14,0,China,,5,20,,,,,,0.1,https://images.tophatter.com/41f968c0ffcd5c9ce208e1fc71acd862/original.jpg,https://images.tophatter.com/1074055a3ecdc95231e8f87a27bc1114/original.jpg,https://images.tophatter.com/188a6c94e3cdf5d835cf3526c3287c8f/original.jpg,https://images.tophatter.com/8220eae72ab80733eb1d5cca00832ae2/original.jpg,https://images.tophatter.com/9f752008957e6638faefad652095aeb9/original.jpg,Enabled
153038834,Home | Other,50PCS Black Disposable Gloves Latex Dishwashing/Kitchen/Medical /Work/Rubber/Garden Gloves Universal For Left and Right Hand,"Product Name:Disposable latex gloves

Color:Black,

Quantity:50pcs

Package:opp bag

Use:Household Cleaning

Size:S,M,L

Apparel Exam Gloves

handschoenen latex

luva latex",New,,,153038834-M-Random color,M,Random color,1000,1,15,,15,0,China,,5,20,,,,,,0.1,https://images.tophatter.com/41f968c0ffcd5c9ce208e1fc71acd862/original.jpg,https://images.tophatter.com/1074055a3ecdc95231e8f87a27bc1114/original.jpg,https://images.tophatter.com/188a6c94e3cdf5d835cf3526c3287c8f/original.jpg,https://images.tophatter.com/8220eae72ab80733eb1d5cca00832ae2/original.jpg,https://images.tophatter.com/9f752008957e6638faefad652095aeb9/original.jpg,Enabled
153038834,Home | Other,50PCS Black Disposable Gloves Latex Dishwashing/Kitchen/Medical /Work/Rubber/Garden Gloves Universal For Left and Right Hand,"Product Name:Disposable latex gloves

Color:Black,

Quantity:50pcs

Package:opp bag

Use:Household Cleaning

Size:S,M,L

Apparel Exam Gloves

handschoenen latex

luva latex",New,,,153038834-L-Random color,L,Random color,1000,1,17,,17,0,China,,5,20,,,,,,0.1,https://images.tophatter.com/41f968c0ffcd5c9ce208e1fc71acd862/original.jpg,https://images.tophatter.com/1074055a3ecdc95231e8f87a27bc1114/original.jpg,https://images.tophatter.com/188a6c94e3cdf5d835cf3526c3287c8f/original.jpg,https://images.tophatter.com/8220eae72ab80733eb1d5cca00832ae2/original.jpg,https://images.tophatter.com/9f752008957e6638faefad652095aeb9/original.jpg,Enabled
